id,client_id,montant,statut,date
1,1,100.50,completed,2024-01-01 10:00:00
2,2,200.75,completed,2024-01-02 11:00:00
3,3,150.00,pending,2024-01-03 12:00:00
4,4,300.25,completed,2024-01-04 13:00:00
5,5,250.50,cancelled,2024-01-05 14:00:00
6,6,175.75,completed,2024-01-06 15:00:00
7,7,225.00,pending,2024-01-07 16:00:00
8,8,199.99,completed,2024-01-08 17:00:00
9,9,349.50,completed,2024-01-09 18:00:00
10,10,400.00,pending,2024-01-10 19:00:00
11,1,20.75,completed,2024-01-02 13:08:00
12,2,50.00,pending,2024-01-03 14:15:00
13,3,75.25,completed,2024-01-04 15:20:00
14,4,100.00,cancelled,2024-01-05 16:25:00
15,5,125.50,completed,2024-01-06 17:30:00
16,6,150.00,pending,2024-01-07 18:35:00
17,7,175.25,completed,2024-01-08 19:40:00
18,8,200.00,cancelled,2024-01-09 20:45:00
19,9,225.50,completed,2024-01-10 21:50:00
20,10,250.75,pending,2024-01-11 22:55:00